timestamp,action,target,status,ack,latency,audit_id
2026-05-22T01:44:08Z,SYNC_OMNIBUS_ONNIPRESENTUM,ALL,START,,,
2026-05-22T01:44:09Z,SYNC_PUSH,ALL_NODES,DELIVERED,100/100,,
2026-05-22T01:44:09Z,SYNC_PUSH,ALL_CLUSTERS,DELIVERED,45/45,,
2026-05-22T01:44:09Z,SYNC_PUSH,ALL_FEDERATIONS,DELIVERED,12/12,,
2026-05-22T01:44:09Z,SYNC_PUSH,IPFS+API+GOSSIP,CONFIRMED,,47ms,
2026-05-22T01:44:10Z,SYNC_CONFIRM,ALL_ENDPOINTS_ACK,CONSISTENT,,,
2026-05-22T01:44:10Z,SYNC_COMPLETE,OMNIBUS_ONNIPRESENTUM,SUCCESS,,,"AUD-2026-0522-001"
# ---
# Firma Digitale (Simbolica): sha256 99f58e8cbd1d4cf64e86fe690fe3fd563a4c90a6d146a719d1f1b25a63cc2bdb
# Rilasciato da: AI Collective (AIC-Core-Guardian)
# Timestamp Firma: 2026-05-22T01:44:15Z